<?xml version="1.0" encoding="utf-8"?>
<resources xmlns:tools="http://schemas.android.com/tools" tools:ignore="MissingDefaultResource">
    <!-- Common -->
    <dimen name="mp.divider.line" tools:ignore="MissingDefaultResource">1px</dimen>
    <dimen name="mp.divider.small" tools:ignore="MissingDefaultResource">4dp</dimen>
    <dimen name="mp.divider.normal" tools:ignore="MissingDefaultResource">8dp</dimen>
    <dimen name="mp.divider.large" tools:ignore="MissingDefaultResource">16dp</dimen>
    <dimen name="mp.divider.xlarge" tools:ignore="MissingDefaultResource">24dp</dimen>

    <dimen name="mp.padding.small" tools:ignore="MissingDefaultResource">4dp</dimen>
    <dimen name="mp.padding.normal" tools:ignore="MissingDefaultResource">8dp</dimen>
    <dimen name="mp.padding.large" tools:ignore="MissingDefaultResource">16dp</dimen>
    <dimen name="mp.padding.xlarge" tools:ignore="MissingDefaultResource">24dp</dimen>

    <dimen name="mp.margin.small" tools:ignore="MissingDefaultResource">4dp</dimen>
    <dimen name="mp.margin.normal" tools:ignore="MissingDefaultResource">8dp</dimen>
    <dimen name="mp.margin.large" tools:ignore="MissingDefaultResource">16dp</dimen>
    <dimen name="mp.margin.xlarge" tools:ignore="MissingDefaultResource">24dp</dimen>

    <dimen name="mp.text.list.title" tools:ignore="MissingDefaultResource">14sp</dimen>
    <dimen name="mp.text.list.hint" tools:ignore="MissingDefaultResource">12sp</dimen>
    <dimen name="mp.text.hint" tools:ignore="MissingDefaultResource">12sp</dimen>

    <dimen name="mp.toolbar.paddingTop" tools:ignore="MissingDefaultResource">0dp</dimen>

    <dimen name="mp.material.marginLeft" tools:ignore="MissingDefaultResource">72dp</dimen>

    <dimen name="mp.list.itemHeight" tools:ignore="MissingDefaultResource">54dp</dimen>
    <dimen name="mp.list.scrollbarSize" tools:ignore="MissingDefaultResource">4dp</dimen>

    <!-- Music -->
    <dimen name="mp.music.album.size" tools:ignore="MissingDefaultResource">260dp</dimen>
    <dimen name="mp.music.seekBar.marginTop" tools:ignore="MissingDefaultResource">50dp</dimen>
    <dimen name="mp.music.playControls.marginTop" tools:ignore="MissingDefaultResource">24dp</dimen>
    <dimen name="mp.music.playControls.marginBottom" tools:ignore="MissingDefaultResource">8dp</dimen>

    <!-- CharacterView -->
    <dimen name="mp.characterView.padding" tools:ignore="MissingDefaultResource">6dp</dimen>

</resources>