<?xml version="1.0" encoding="utf-8"?>
<resources xmlns:tools="http://schemas.android.com/tools">
    <string name="mp.font.roboto.regular" tools:ignore="ExtraTranslation">fonts/Roboto-Regular.ttf</string>
    <string name="mp.font.roboto.medium" tools:ignore="ExtraTranslation">fonts/Roboto-Medium.ttf</string>
    <string name="mp.font.roboto.thin" tools:ignore="ExtraTranslation">fonts/Roboto-Thin.ttf</string>
    <string name="mp.font.roboto.monospace.regular" tools:ignore="ExtraTranslation">fonts/Roboto-Monospace-Regular.ttf</string>
</resources>